color_name,hex,R,G,B,tone
Blue,#5d8aa8,93,138,168,Air Force Blue (Raf)
Blue,#00308f,0,48,143,Air Force Blue (Usaf)
Blue,#72a0c1,114,160,193,Air Superiority Blue
Red,#a32638,163,38,56,Alabama Crimson
Blue,#f0f8ff,240,248,255,Alice Blue
Pink,#e32636,227,38,54,Alizarin Crimson
Orange,#c46210,196,98,16,Alloy Orange
Pink,#efdecd,239,222,205,Almond
Red,#e52b50,229,43,80,Amaranth
Orange,#ffbf00,255,191,0,Amber
Orange,#ff7e00,255,126,0,Amber (Sae/Ece)
Red,#ff033e,255,3,62,American Rose
Purple,#96c,153,102,204,Amethyst
Green,#a4c639,164,198,57,Android Green
White,#f2f3f4,242,243,244,Anti-Flash White
Brown,#cd9575,205,149,117,Antique Brass
Pink,#915c83,145,92,131,Antique Fuchsia
Red,#841b2d,132,27,45,Antique Ruby
White,#faebd7,250,235,215,Antique White
Green,#008000,0,128,0,Ao (English)
Green,#8db600,141,182,0,Apple Green
White,#fbceb1,251,206,177,Apricot
Light Blue,#0ff,0,255,255,Aqua
Blue,#7fffd4,127,255,212,Aquamarine
Green,#4b5320,75,83,32,Army Green
Gray,#3b444b,59,68,75,Arsenic
Yellow,#e9d66b,233,214,107,Arylide Yellow
Gray,#b2beb5,178,190,181,Ash Grey
Green,#87a96b,135,169,107,Asparagus
Orange,#f96,255,153,102,Atomic Tangerine
Red,#a52a2a,165,42,42,Auburn
Yellow,#fdee00,253,238,0,Aureolin
Gray,#6e7f80,110,127,128,Aurometalsaurus
Green,#568203,86,130,3,Avocado
Blue,#007fff,0,127,255,Azure
Blue,#f0ffff,240,255,255,Azure Mist/Web
Blue,#89cff0,137,207,240,Baby Blue
Blue,#a1caf1,161,202,241,Baby Blue Eyes
Pink,#f4c2c2,244,194,194,Baby Pink
Blue,#21abcd,33,171,205,Ball Blue
Yellow,#fae7b5,250,231,181,Banana Mania
Yellow,#ffe135,255,225,53,Banana Yellow
Red,#7c0a02,124,10,2,Barn Red
Gray,#848482,132,132,130,Battleship Grey
Pink,#98777b,152,119,123,Bazaar
Blue,#bcd4e6,188,212,230,Beau Blue
Beige,#9f8170,159,129,112,Beaver
Beige,#f5f5dc,245,245,220,Beige
Red,#9c2542,156,37,66,Big Dip O’Ruby
Pink,#ffe4c4,255,228,196,Bisque
Brown,#3d2b1f,61,43,31,Bistre
Red,#fe6f5e,254,111,94,Bittersweet
Red,#bf4f51,191,79,81,Bittersweet Shimmer
Black,#000,0,0,0,Black
Black,#3d0c02,61,12,2,Black Bean
Black,#253529,37,53,41,Black Leather Jacket
Black,#3b3c36,59,60,54,Black Olive
White,#ffebcd,255,235,205,Blanched Almond
Beige,#a57164,165,113,100,Blast-Off Bronze
Blue,#318ce7,49,140,231,Bleu De France
Blue,#ace5ee,172,229,238,Blizzard Blue
Yellow,#faf0be,250,240,190,Blond
Blue,#00f,0,0,255,Blue
Blue,#a2a2d0,162,162,208,Blue Bell
Blue,#1f75fe,31,117,254,Blue (Crayola)
Blue,#69c,102,153,204,Blue Gray
Green,#0d98ba,13,152,186,Blue-Green
Blue,#0093af,0,147,175,Blue (Munsell)
Blue,#0087bd,0,135,189,Blue (Ncs)
Blue,#339,51,51,153,Blue (Pigment)
Blue,#0247fe,2,71,254,Blue (Ryb)
Blue,#126180,18,97,128,Blue Sapphire
Blue,#8a2be2,138,43,226,Blue-Violet
Pink,#de5d83,222,93,131,Blush
Red,#79443b,121,68,59,Bole
Blue,#0095b6,0,149,182,Bondi Blue
Beige,#e3dac9,227,218,201,Bone
Red,#c00,204,0,0,Boston University Red
Green,#006a4e,0,106,78,Bottle Green
Purple,#873260,135,50,96,Boysenberry
Blue,#0070ff,0,112,255,Brandeis Blue
Green,#b5a642,181,166,66,Brass
Red,#cb4154,203,65,84,Brick Red
Blue,#1dacd6,29,172,214,Bright Cerulean
Green,#6f0,102,255,0,Bright Green
Purple,#bf94e4,191,148,228,Bright Lavender
Red,#c32148,195,33,72,Bright Maroon
Pink,#ff007f,255,0,127,Bright Pink
Blue,#08e8de,8,232,222,Bright Turquoise
Purple,#d19fe8,209,159,232,Bright Ube
Pink,#f4bbff,244,187,255,Brilliant Lavender
Pink,#ff55a3,255,85,163,Brilliant Rose
Pink,#fb607f,251,96,127,Brink Pink
Green,#004225,0,66,37,British Racing Green
Brown,#cd7f32,205,127,50,Bronze
Brown,#964b00,150,75,0,Brown (Traditional)
Red,#a52a2a,165,42,42,Brown (Web)
Pink,#ffc1cc,255,193,204,Bubble Gum
Blue,#e7feff,231,254,255,Bubbles
Yellow,#f0dc82,240,220,130,Buff
Black,#480607,72,6,7,Bulgarian Rose
Red,#800020,128,0,32,Burgundy
Green,#deb887,222,184,135,Burlywood
Orange,#c50,204,85,0,Burnt Orange
Red,#e97451,233,116,81,Burnt Sienna
Brown,#8a3324,138,51,36,Burnt Umber
Red,#bd33a4,189,51,164,Byzantine
Purple,#702963,112,41,99,Byzantium
Blue,#536872,83,104,114,Cadet
Blue,#5f9ea0,95,158,160,Cadet Blue
Gray,#91a3b0,145,163,176,Cadet Grey
Green,#006b3c,0,107,60,Cadmium Green
Orange,#ed872d,237,135,45,Cadmium Orange
Red,#e30022,227,0,34,Cadmium Red
Yellow,#fff600,255,246,0,Cadmium Yellow
Beige,#a67b5b,166,123,91,Café Au Lait
Black,#4b3621,75,54,33,Café Noir
Green,#1e4d2b,30,77,43,Cal Poly Green
Blue,#a3c1ad,163,193,173,Cambridge Blue
Brown,#c19a6b,193,154,107,Camel
Pink,#efbbcc,239,187,204,Cameo Pink
Green,#78866b,120,134,107,Camouflage Green
Yellow,#ffef00,255,239,0,Canary Yellow
Red,#ff0800,255,8,0,Candy Apple Red
Pink,#e4717a,228,113,122,Candy Pink
Blue,#00bfff,0,191,255,Capri
Brown,#592720,89,39,32,Caput Mortuum
Red,#c41e3a,196,30,58,Cardinal
Green,#0c9,0,204,153,Caribbean Green
Red,#960018,150,0,24,Carmine
Red,#d70040,215,0,64,Carmine (M&P)
Pink,#eb4c42,235,76,66,Carmine Pink
Red,#ff0038,255,0,56,Carmine Red
Pink,#ffa6c9,255,166,201,Carnation Pink
Red,#b31b1b,179,27,27,Carnelian
Blue,#99badd,153,186,221,Carolina Blue
Orange,#ed9121,237,145,33,Carrot Orange
Blue,#062a78,6,42,120,Catalina Blue
Blue,#92a1cf,146,161,207,Ceil
Green,#ace1af,172,225,175,Celadon
Blue,#007ba7,0,123,167,Celadon Blue
Green,#2f847c,47,132,124,Celadon Green
Blue,#b2ffff,178,255,255,Celeste (Colour)
Blue,#4997d0,73,151,208,Celestial Blue
Red,#de3163,222,49,99,Cerise
Pink,#ec3b83,236,59,131,Cerise Pink
Blue,#007ba7,0,123,167,Cerulean
Blue,#2a52be,42,82,190,Cerulean Blue
Blue,#6d9bc3,109,155,195,Cerulean Frost
Blue,#007aa5,0,122,165,Cg Blue
Red,#e03c31,224,60,49,Cg Red
Beige,#a0785a,160,120,90,Chamoisee
Yellow,#fad6a5,250,214,165,Champagne
Gray,#36454f,54,69,79,Charcoal
Pink,#e68fac,230,143,172,Charm Pink
Yellow,#dfff00,223,255,0,Chartreuse (Traditional)
Green,#7fff00,127,255,0,Chartreuse (Web)
Red,#de3163,222,49,99,Cherry
Pink,#ffb7c5,255,183,197,Cherry Blossom Pink
Red,#cd5c5c,205,92,92,Chestnut
Pink,#de6fa1,222,111,161,China Pink
Red,#a8516e,168,81,110,China Rose
Red,#aa381e,170,56,30,Chinese Red
Brown,#7b3f00,123,63,0,Chocolate (Traditional)
Brown,#d2691e,210,105,30,Chocolate (Web)
Yellow,#ffa700,255,167,0,Chrome Yellow
Pink,#98817b,152,129,123,Cinereous
Red,#e34234,227,66,52,Cinnabar
Brown,#d2691e,210,105,30,Cinnamon
Yellow,#e4d00a,228,208,10,Citrine
Pink,#fbcce7,251,204,231,Classic Rose
Blue,#0047ab,0,71,171,Cobalt
Brown,#d2691e,210,105,30,Cocoa Brown
Red,#6f4e37,111,78,55,Coffee
Blue,#9bddff,155,221,255,Columbia Blue
Orange,#f88379,248,131,121,Congo Pink
Black,#002e63,0,46,99,Cool Black
Purple,#8c92ac,140,146,172,Cool Grey
Brown,#b87333,184,115,51,Copper
Orange,#da8a67,218,138,103,Copper (Crayola)
Beige,#ad6f69,173,111,105,Copper Penny
Red,#cb6d51,203,109,81,Copper Red
Brown,#966,153,102,102,Copper Rose
Red,#ff3800,255,56,0,Coquelicot
Orange,#ff7f50,255,127,80,Coral
Orange,#f88379,248,131,121,Coral Pink
Red,#ff4040,255,64,64,Coral Red
Red,#893f45,137,63,69,Cordovan
Yellow,#fbec5d,251,236,93,Corn
Red,#b31b1b,179,27,27,Cornell Red
Blue,#6495ed,100,149,237,Cornflower Blue
Yellow,#fff8dc,255,248,220,Cornsilk
Beige,#fff8e7,255,248,231,Cosmic Latte
Pink,#ffbcd9,255,188,217,Cotton Candy
Yellow,#fffdd0,255,253,208,Cream
Pink,#dc143c,220,20,60,Crimson
Red,#be0032,190,0,50,Crimson Glory
Light Blue,#0ff,0,255,255,Cyan
Blue,#00b7eb,0,183,235,Cyan (Process)
Yellow,#ffff31,255,255,49,Daffodil
Yellow,#f0e130,240,225,48,Dandelion
Blue,#00008b,0,0,139,Dark Blue
Brown,#654321,101,67,33,Dark Brown
Red,#5d3954,93,57,84,Dark Byzantium
Red,#a40000,164,0,0,Dark Candy Apple Red
Blue,#08457e,8,69,126,Dark Cerulean
Brown,#986960,152,105,96,Dark Chestnut
Red,#cd5b45,205,91,69,Dark Coral
Green,#008b8b,0,139,139,Dark Cyan
Blue,#536878,83,104,120,Dark Electric Blue
Yellow,#b8860b,184,134,11,Dark Goldenrod
Gray,#a9a9a9,169,169,169,Dark Gray
Green,#013220,1,50,32,Dark Green
Blue,#00416a,0,65,106,Dark Imperial Blue
Green,#1a2421,26,36,33,Dark Jungle Green
Brown,#bdb76b,189,183,107,Dark Khaki
Black,#483c32,72,60,50,Dark Lava
Purple,#734f96,115,79,150,Dark Lavender
Purple,#8b008b,139,0,139,Dark Magenta
Blue,#036,0,51,102,Dark Midnight Blue
Green,#556b2f,85,107,47,Dark Olive Green
Orange,#ff8c00,255,140,0,Dark Orange
Blue,#9932cc,153,50,204,Dark Orchid
Blue,#779ecb,119,158,203,Dark Pastel Blue
Green,#03c03c,3,192,60,Dark Pastel Green
Purple,#966fd6,150,111,214,Dark Pastel Purple
Red,#c23b22,194,59,34,Dark Pastel Red
Pink,#e75480,231,84,128,Dark Pink
Blue,#039,0,51,153,Dark Powder Blue
Purple,#872657,135,38,87,Dark Raspberry
Red,#8b0000,139,0,0,Dark Red
Pink,#e9967a,233,150,122,Dark Salmon
Black,#560319,86,3,25,Dark Scarlet
Green,#8fbc8f,143,188,143,Dark Sea Green
Brown,#3c1414,60,20,20,Dark Sienna
Blue,#483d8b,72,61,139,Dark Slate Blue
Gray,#2f4f4f,47,79,79,Dark Slate Gray
Green,#177245,23,114,69,Dark Spring Green
Brown,#918151,145,129,81,Dark Tan
Yellow,#ffa812,255,168,18,Dark Tangerine
Black,#483c32,72,60,50,Dark Taupe
Red,#cc4e5c,204,78,92,Dark Terra Cotta
Blue,#00ced1,0,206,209,Dark Turquoise
Purple,#9400d3,148,0,211,Dark Violet
Yellow,#9b870c,155,135,12,Dark Yellow
Green,#00703c,0,112,60,Dartmouth Green
Brown,#555,85,85,85,Davy'S Grey
Red,#d70a53,215,10,83,Debian Red
Red,#a9203e,169,32,62,Deep Carmine
Pink,#ef3038,239,48,56,Deep Carmine Pink
Orange,#e9692c,233,105,44,Deep Carrot Orange
Pink,#da3287,218,50,135,Deep Cerise
Yellow,#fad6a5,250,214,165,Deep Champagne
Red,#b94e48,185,78,72,Deep Chestnut
Red,#704241,112,66,65,Deep Coffee
Purple,#c154c1,193,84,193,Deep Fuchsia
Green,#004b49,0,75,73,Deep Jungle Green
Purple,#95b,153,85,187,Deep Lilac
Purple,#c0c,204,0,204,Deep Magenta
Orange,#ffcba4,255,203,164,Deep Peach
Pink,#ff1493,255,20,147,Deep Pink
Red,#843f5b,132,63,91,Deep Ruby
Orange,#f93,255,153,51,Deep Saffron
Blue,#00bfff,0,191,255,Deep Sky Blue
Red,#66424d,102,66,77,Deep Tuscan Red
Blue,#1560bd,21,96,189,Denim
Brown,#c19a6b,193,154,107,Desert
Beige,#edc9af,237,201,175,Desert Sand
Gray,#696969,105,105,105,Dim Gray
Blue,#1e90ff,30,144,255,Dodger Blue
Red,#d71868,215,24,104,Dogwood Rose
Green,#85bb65,133,187,101,Dollar Bill
Beige,#967117,150,113,23,Drab
Blue,#00009c,0,0,156,Duke Blue
Yellow,#e1a95f,225,169,95,Earth Yellow
Gray,#555d50,85,93,80,Ebony
Brown,#c2b280,194,178,128,Ecru
Red,#614051,97,64,81,Eggplant
White,#f0ead6,240,234,214,Eggshell
Blue,#1034a6,16,52,166,Egyptian Blue
Blue,#7df9ff,125,249,255,Electric Blue
Red,#ff003f,255,0,63,Electric Crimson
Light Blue,#0ff,0,255,255,Electric Cyan
Green,#0f0,0,255,0,Electric Green
Purple,#6f00ff,111,0,255,Electric Indigo
Pink,#f4bbff,244,187,255,Electric Lavender
Yellow,#cf0,204,255,0,Electric Lime
Purple,#bf00ff,191,0,255,Electric Purple
Purple,#3f00ff,63,0,255,Electric Ultramarine
Purple,#8f00ff,143,0,255,Electric Violet
Yellow,#ff0,255,255,0,Electric Yellow
Green,#50c878,80,200,120,Emerald
Brown,#b48395,180,131,149,English Lavender
Blue,#96c8a2,150,200,162,Eton Blue
Brown,#c19a6b,193,154,107,Fallow
Red,#801818,128,24,24,Falu Red
Red,#b53389,181,51,137,Fandango
Pink,#f400a1,244,0,161,Fashion Fuchsia
Yellow,#e5aa70,229,170,112,Fawn
Gray,#4d5d53,77,93,83,Feldgrau
Green,#4f7942,79,121,66,Fern Green
Red,#ff2800,255,40,0,Ferrari Red
Brown,#6c541e,108,84,30,Field Drab
Red,#ce2029,206,32,41,Fire Engine Red
Red,#b22222,178,34,34,Firebrick
Orange,#e25822,226,88,34,Flame
Pink,#fc8eac,252,142,172,Flamingo Pink
Beige,#f7e98e,247,233,142,Flavescent
Yellow,#eedc82,238,220,130,Flax
White,#fffaf0,255,250,240,Floral White
Orange,#ffbf00,255,191,0,Fluorescent Orange
Pink,#ff1493,255,20,147,Fluorescent Pink
Yellow,#cf0,204,255,0,Fluorescent Yellow
Red,#ff004f,255,0,79,Folly
Green,#014421,1,68,33,Forest Green (Traditional)
Green,#228b22,34,139,34,Forest Green (Web)
Beige,#a67b5b,166,123,91,French Beige
Blue,#0072bb,0,114,187,French Blue
Pink,#86608e,134,96,142,French Lilac
Yellow,#cf0,204,255,0,French Lime
Red,#c72c48,199,44,72,French Raspberry
Pink,#f64a8a,246,74,138,French Rose
Pink,#f0f,255,0,255,Fuchsia
Purple,#c154c1,193,84,193,Fuchsia (Crayola)
Pink,#f7f,255,119,255,Fuchsia Pink
Pink,#c74375,199,67,117,Fuchsia Rose
Orange,#e48400,228,132,0,Fulvous
Red,#c66,204,102,102,Fuzzy Wuzzy
Pink,#dcdcdc,220,220,220,Gainsboro
Orange,#e49b0f,228,155,15,Gamboge
White,#f8f8ff,248,248,255,Ghost White
Orange,#b06500,176,101,0,Ginger
Blue,#6082b6,96,130,182,Glaucous
White,#e6e8fa,230,232,250,Glitter
Brown,#d4af37,212,175,55,Gold (Metallic)
Yellow,#ffd700,255,215,0,Gold (Web) (Golden)
Brown,#996515,153,101,21,Golden Brown
Orange,#fcc200,252,194,0,Golden Poppy
Yellow,#ffdf00,255,223,0,Golden Yellow
Orange,#daa520,218,165,32,Goldenrod
Green,#a8e4a0,168,228,160,Granny Smith Apple
Gray,#808080,128,128,128,Gray
Gray,#465945,70,89,69,Gray-Asparagus
Gray,#808080,128,128,128,Gray (Html/Css Gray)
Gray,#bebebe,190,190,190,Gray (X11 Gray)
Green,#0f0,0,255,0,Green (Color Wheel) (X11 Green)
Green,#1cac78,28,172,120,Green (Crayola)
Green,#008000,0,128,0,Green (Html/Css Green)
Green,#00a877,0,168,119,Green (Munsell)
Green,#009f6b,0,159,107,Green (Ncs)
Green,#00a550,0,165,80,Green (Pigment)
Green,#66b032,102,176,50,Green (Ryb)
Green,#adff2f,173,255,47,Green-Yellow
Brown,#a99a86,169,154,134,Grullo
Green,#00ff7f,0,255,127,Guppie Green
Red,#663854,102,56,84,Halayà úBe
Blue,#446ccf,68,108,207,Han Blue
Purple,#5218fa,82,24,250,Han Purple
Yellow,#e9d66b,233,214,107,Hansa Yellow
Green,#3fff00,63,255,0,Harlequin
Red,#c90016,201,0,22,Harvard Crimson
Orange,#da9100,218,145,0,Harvest Gold
Green,#808000,128,128,0,Heart Gold
Pink,#df73ff,223,115,255,Heliotrope
Pink,#f400a1,244,0,161,Hollywood Cerise
White,#f0fff0,240,255,240,Honeydew
Blue,#007fbf,0,127,191,Honolulu Blue
Green,#49796b,73,121,107,Hooker'S Green
Pink,#ff1dce,255,29,206,Hot Magenta
Pink,#ff69b4,255,105,180,Hot Pink
Green,#355e3b,53,94,59,Hunter Green
Blue,#71a6d2,113,166,210,Iceberg
Yellow,#fcf75e,252,247,94,Icterine
Blue,#002395,0,35,149,Imperial Blue
Green,#b2ec5d,178,236,93,Inchworm
Green,#138808,19,136,8,India Green
Red,#cd5c5c,205,92,92,Indian Red
Yellow,#e3a857,227,168,87,Indian Yellow
Purple,#6f00ff,111,0,255,Indigo
Blue,#00416a,0,65,106,Indigo (Dye)
Purple,#4b0082,75,0,130,Indigo (Web)
Blue,#002fa7,0,47,167,International Klein Blue
Orange,#ff4f00,255,79,0,International Orange (Aerospace)
Orange,#ba160c,186,22,12,International Orange (Engineering)
Orange,#c0362c,192,54,44,International Orange (Golden Gate Bridge)
Blue,#5a4fcf,90,79,207,Iris
White,#f4f0ec,244,240,236,Isabelline
Green,#009000,0,144,0,Islamic Green
White,#fffff0,255,255,240,Ivory
Green,#00a86b,0,168,107,Jade
Yellow,#f8de7e,248,222,126,Jasmine
Red,#d73b3e,215,59,62,Jasper
Red,#a50b5e,165,11,94,Jazzberry Jam
Black,#343434,52,52,52,Jet
Yellow,#fada5e,250,218,94,Jonquil
Green,#bdda57,189,218,87,June Bud
Green,#29ab87,41,171,135,Jungle Green
Green,#4cbb17,76,187,23,Kelly Green
Red,#7c1c05,124,28,5,Kenyan Copper
Green,#c3b091,195,176,145,Khaki (Html/Css) (Khaki)
Beige,#f0e68c,240,230,140,Khaki (X11) (Light Khaki)
Red,#e8000d,232,0,13,Ku Crimson
Green,#087830,8,120,48,La Salle Green
Gray,#d6cadd,214,202,221,Languid Lavender
Blue,#26619c,38,97,156,Lapis Lazuli
Yellow,#fefe22,254,254,34,Laser Lemon
Green,#a9ba9d,169,186,157,Laurel Green
Red,#cf1020,207,16,32,Lava
Blue,#ccf,204,204,255,Lavender Blue
White,#fff0f5,255,240,245,Lavender Blush
Purple,#b57edc,181,126,220,Lavender (Floral)
Gray,#c4c3d0,196,195,208,Lavender Gray
Purple,#9457eb,148,87,235,Lavender Indigo
Pink,#ee82ee,238,130,238,Lavender Magenta
White,#e6e6fa,230,230,250,Lavender Mist
Pink,#fbaed2,251,174,210,Lavender Pink
Purple,#967bb6,150,123,182,Lavender Purple
Pink,#fba0e3,251,160,227,Lavender Rose
White,#e6e6fa,230,230,250,Lavender (Web)
Green,#7cfc00,124,252,0,Lawn Green
Yellow,#fff700,255,247,0,Lemon
Yellow,#fffacd,255,250,205,Lemon Chiffon
Yellow,#e3ff00,227,255,0,Lemon Lime
Black,#1a1110,26,17,16,Licorice
White,#fdd5b1,253,213,177,Light Apricot
Blue,#add8e6,173,216,230,Light Blue
Brown,#b5651d,181,101,29,Light Brown
Pink,#e66771,230,103,113,Light Carmine Pink
Pink,#f08080,240,128,128,Light Coral
Blue,#93ccea,147,204,234,Light Cornflower Blue
Pink,#f56991,245,105,145,Light Crimson
Blue,#e0ffff,224,255,255,Light Cyan
Pink,#f984ef,249,132,239,Light Fuchsia Pink
Yellow,#fafad2,250,250,210,Light Goldenrod Yellow
Gray,#d3d3d3,211,211,211,Light Gray
Green,#90ee90,144,238,144,Light Green
Beige,#f0e68c,240,230,140,Light Khaki
Purple,#b19cd9,177,156,217,Light Pastel Purple
Pink,#ffb6c1,255,182,193,Light Pink
Red,#e97451,233,116,81,Light Red Ochre
Orange,#ffa07a,255,160,122,Light Salmon
Pink,#f99,255,153,153,Light Salmon Pink
Green,#20b2aa,32,178,170,Light Sea Green
Blue,#87cefa,135,206,250,Light Sky Blue
Gray,#789,119,136,153,Light Slate Gray
Beige,#b38b6d,179,139,109,Light Taupe
Pink,#e68fac,230,143,172,Light Thulian Pink
Yellow,#ffffe0,255,255,224,Light Yellow
Purple,#c8a2c8,200,162,200,Lilac
Yellow,#bfff00,191,255,0,Lime (Color Wheel)
Green,#32cd32,50,205,50,Lime Green
Green,#0f0,0,255,0,Lime (Web) (X11 Green)
Green,#9dc209,157,194,9,Limerick
Green,#195905,25,89,5,Lincoln Green
Beige,#faf0e6,250,240,230,Linen
Brown,#c19a6b,193,154,107,Lion
Blue,#6ca0dc,108,160,220,Little Boy Blue
Purple,#534b4f,83,75,79,Liver
Red,#e62020,230,32,32,Lust
Pink,#f0f,255,0,255,Magenta
Red,#ca1f7b,202,31,123,Magenta (Dye)
Pink,#ff0090,255,0,144,Magenta (Process)
Blue,#aaf0d1,170,240,209,Magic Mint
White,#f8f4ff,248,244,255,Magnolia
Orange,#c04000,192,64,0,Mahogany
Yellow,#fbec5d,251,236,93,Maize
Blue,#6050dc,96,80,220,Majorelle Blue
Green,#0bda51,11,218,81,Malachite
Gray,#979aaa,151,154,170,Manatee
Orange,#ff8243,255,130,67,Mango Tango
Green,#74c365,116,195,101,Mantis
Purple,#880085,136,0,133,Mardi Gras
Red,#c32148,195,33,72,Maroon (Crayola)
Red,#800000,128,0,0,Maroon (Html/Css)
Red,#b03060,176,48,96,Maroon (X11)
Blue,#e0b0ff,224,176,255,Mauve
Brown,#915f6d,145,95,109,Mauve Taupe
Pink,#ef98aa,239,152,170,Mauvelous
Blue,#73c2fb,115,194,251,Maya Blue
Brown,#e5b73b,229,183,59,Meat Brown
Green,#6da,102,221,170,Medium Aquamarine
Blue,#0000cd,0,0,205,Medium Blue
Red,#e2062c,226,6,44,Medium Candy Apple Red
Orange,#af4035,175,64,53,Medium Carmine
Beige,#f3e5ab,243,229,171,Medium Champagne
Blue,#035096,3,80,150,Medium Electric Blue
Green,#1c352d,28,53,45,Medium Jungle Green
Pink,#dda0dd,221,160,221,Medium Lavender Magenta
Purple,#ba55d3,186,85,211,Medium Orchid
Blue,#0067a5,0,103,165,Medium Persian Blue
Purple,#9370db,147,112,219,Medium Purple
Red,#bb3385,187,51,133,Medium Red-Violet
Red,#aa4069,170,64,105,Medium Ruby
Green,#3cb371,60,179,113,Medium Sea Green
Blue,#7b68ee,123,104,238,Medium Slate Blue
Green,#c9dc87,201,220,135,Medium Spring Bud
Green,#00fa9a,0,250,154,Medium Spring Green
Brown,#674c47,103,76,71,Medium Taupe
Light Blue,#48d1cc,72,209,204,Medium Turquoise
Red,#79443b,121,68,59,Medium Tuscan Red
Orange,#d9603b,217,96,59,Medium Vermilion
Red,#c71585,199,21,133,Medium Violet-Red
Brown,#f8b878,248,184,120,Mellow Apricot
Yellow,#f8de7e,248,222,126,Mellow Yellow
Pink,#fdbcb4,253,188,180,Melon
Blue,#191970,25,25,112,Midnight Blue
Green,#004953,0,73,83,Midnight Green (Eagle Green)
Yellow,#ffc40c,255,196,12,Mikado Yellow
Green,#3eb489,62,180,137,Mint
White,#f5fffa,245,255,250,Mint Cream
Green,#98ff98,152,255,152,Mint Green
Pink,#ffe4e1,255,228,225,Misty Rose
White,#faebd7,250,235,215,Moccasin
Beige,#967117,150,113,23,Mode Beige
Blue,#73a9c2,115,169,194,Moonstone Blue
Red,#ae0c00,174,12,0,Mordant Red 19
Green,#addfad,173,223,173,Moss Green
Green,#30ba8f,48,186,143,Mountain Meadow
Pink,#997a8d,153,122,141,Mountbatten Pink
Green,#18453b,24,69,59,Msu Green
Pink,#c54b8c,197,75,140,Mulberry
Yellow,#ffdb58,255,219,88,Mustard
Green,#21421e,33,66,30,Myrtle
Pink,#f6adc6,246,173,198,Nadeshiko Pink
Green,#2a8000,42,128,0,Napier Green
Yellow,#fada5e,250,218,94,Naples Yellow
White,#ffdead,255,222,173,Navajo White
Blue,#000080,0,0,128,Navy Blue
Orange,#ffa343,255,163,67,Neon Carrot
Red,#fe4164,254,65,100,Neon Fuchsia
Green,#39ff14,57,255,20,Neon Green
Pink,#d7837f,215,131,127,New York Pink
Blue,#a4dded,164,221,237,Non-Photo Blue
Green,#059033,5,144,51,North Texas Green
Blue,#0077be,0,119,190,Ocean Boat Blue
Brown,#c72,204,119,34,Ochre
Green,#008000,0,128,0,Office Green
Brown,#cfb53b,207,181,59,Old Gold
Beige,#fdf5e6,253,245,230,Old Lace
Gray,#796878,121,104,120,Old Lavender
Red,#673147,103,49,71,Old Mauve
Beige,#c08081,192,128,129,Old Rose
Green,#808000,128,128,0,Olive
Black,#3c341f,60,52,31,Olive Drab #7
Green,#6b8e23,107,142,35,Olive Drab (Web) (Olive Drab #3)
Green,#9ab973,154,185,115,Olivine
Black,#353839,53,56,57,Onyx
Brown,#b784a7,183,132,167,Opera Mauve
Orange,#ff7f00,255,127,0,Orange (Color Wheel)
Orange,#ff9f00,255,159,0,Orange Peel
Red,#ff4500,255,69,0,Orange-Red
Orange,#fb9902,251,153,2,Orange (Ryb)
Orange,#ffa500,255,165,0,Orange (Web Color)
Pink,#da70d6,218,112,214,Orchid
Brown,#654321,101,67,33,Otter Brown
Red,#900,153,0,0,Ou Crimson Red
Gray,#414a4c,65,74,76,Outer Space
Orange,#ff6e4a,255,110,74,Outrageous Orange
Blue,#002147,0,33,71,Oxford Blue
Green,#060,0,102,0,Pakistan Green
Blue,#273be2,39,59,226,Palatinate Blue
Purple,#682860,104,40,96,Palatinate Purple
Blue,#bcd4e6,188,212,230,Pale Aqua
Blue,#afeeee,175,238,238,Pale Blue
Brown,#987654,152,118,84,Pale Brown
Orange,#af4035,175,64,53,Pale Carmine
Blue,#9bc4e2,155,196,226,Pale Cerulean
Pink,#ddadaf,221,173,175,Pale Chestnut
Orange,#da8a67,218,138,103,Pale Copper
Blue,#abcdef,171,205,239,Pale Cornflower Blue
Orange,#e6be8a,230,190,138,Pale Gold
Beige,#eee8aa,238,232,170,Pale Goldenrod
Green,#98fb98,152,251,152,Pale Green
Blue,#dcd0ff,220,208,255,Pale Lavender
Pink,#f984e5,249,132,229,Pale Magenta
Pink,#fadadd,250,218,221,Pale Pink
Pink,#dda0dd,221,160,221,Pale Plum
Red,#db7093,219,112,147,Pale Red-Violet
Blue,#96ded1,150,222,209,Pale Robin Egg Blue
Gray,#c9c0bb,201,192,187,Pale Silver
Beige,#ecebbd,236,235,189,Pale Spring Bud
Beige,#bc987e,188,152,126,Pale Taupe
Red,#db7093,219,112,147,Pale Violet-Red
Purple,#78184a,120,24,74,Pansy Purple
White,#ffefd5,255,239,213,Papaya Whip
Green,#50c878,80,200,120,Paris Green
Blue,#aec6cf,174,198,207,Pastel Blue
Brown,#836953,131,105,83,Pastel Brown
Gray,#cfcfc4,207,207,196,Pastel Gray
Green,#7d7,119,221,119,Pastel Green
Pink,#f49ac2,244,154,194,Pastel Magenta
Orange,#ffb347,255,179,71,Pastel Orange
Pink,#dea5a4,222,165,164,Pastel Pink
Purple,#b39eb5,179,158,181,Pastel Purple
Red,#ff6961,255,105,97,Pastel Red
Purple,#cb99c9,203,153,201,Pastel Violet
Yellow,#fdfd96,253,253,150,Pastel Yellow
Purple,#800080,128,0,128,Patriarch
Blue,#536878,83,104,120,Payne'S Grey
White,#ffe5b4,255,229,180,Peach
Orange,#ffcba4,255,203,164,Peach (Crayola)
Orange,#fc9,255,204,153,Peach-Orange
White,#ffdab9,255,218,185,Peach Puff
Yellow,#fadfad,250,223,173,Peach-Yellow
Yellow,#d1e231,209,226,49,Pear
Pink,#eae0c8,234,224,200,Pearl
Blue,#88d8c0,136,216,192,Pearl Aqua
Purple,#b768a2,183,104,162,Pearly Purple
Yellow,#e6e200,230,226,0,Peridot
Blue,#ccf,204,204,255,Periwinkle
Blue,#1c39bb,28,57,187,Persian Blue
Green,#00a693,0,166,147,Persian Green
Blue,#32127a,50,18,122,Persian Indigo
Orange,#d99058,217,144,88,Persian Orange
Pink,#f77fbe,247,127,190,Persian Pink
Red,#701c1c,112,28,28,Persian Plum
Red,#c33,204,51,51,Persian Red
Pink,#fe28a2,254,40,162,Persian Rose
Orange,#ec5800,236,88,0,Persimmon
Orange,#cd853f,205,133,63,Peru
Purple,#df00ff,223,0,255,Phlox
Blue,#000f89,0,15,137,Phthalo Blue
Green,#123524,18,53,36,Phthalo Green
Pink,#fddde6,253,221,230,Piggy Pink
Green,#01796f,1,121,111,Pine Green
Pink,#ffc0cb,255,192,203,Pink
Pink,#ffddf4,255,221,244,Pink Lace
Orange,#f96,255,153,102,Pink-Orange
Pink,#e7accf,231,172,207,Pink Pearl
Pink,#f78fa7,247,143,167,Pink Sherbet
Green,#93c572,147,197,114,Pistachio
Pink,#e5e4e2,229,228,226,Platinum
Purple,#8e4585,142,69,133,Plum (Traditional)
Pink,#dda0dd,221,160,221,Plum (Web)
Orange,#ff5a36,255,90,54,Portland Orange
Blue,#b0e0e6,176,224,230,Powder Blue (Web)
Orange,#ff8f00,255,143,0,Princeton Orange
Red,#701c1c,112,28,28,Prune
Blue,#003153,0,49,83,Prussian Blue
Purple,#df00ff,223,0,255,Psychedelic Purple
Brown,#c89,204,136,153,Puce
Orange,#ff7518,255,117,24,Pumpkin
Purple,#69359c,105,53,156,Purple Heart
Purple,#800080,128,0,128,Purple (Html/Css)
Purple,#9678b6,150,120,182,Purple Mountain Majesty
Purple,#9f00c5,159,0,197,Purple (Munsell)
Purple,#fe4eda,254,78,218,Purple Pizzazz
Purple,#50404d,80,64,77,Purple Taupe
Purple,#a020f0,160,32,240,Purple (X11)
Purple,#51484f,81,72,79,Quartz
Blue,#5d8aa8,93,138,168,Rackley
Red,#ff355e,255,53,94,Radical Red
Brown,#fbab60,251,171,96,Rajah
Red,#e30b5d,227,11,93,Raspberry
Brown,#915f6d,145,95,109,Raspberry Glace
Pink,#e25098,226,80,152,Raspberry Pink
Red,#b3446c,179,68,108,Raspberry Rose
Brown,#826644,130,102,68,Raw Umber
Purple,#f3c,255,51,204,Razzle Dazzle Rose
Pink,#e3256b,227,37,107,Razzmatazz
Red,#f00,255,0,0,Red
Red,#a52a2a,165,42,42,Red-Brown
Red,#860111,134,1,17,Red Devil
Red,#f2003c,242,0,60,Red (Munsell)
Red,#c40233,196,2,51,Red (Ncs)
Red,#ff5349,255,83,73,Red-Orange
Red,#ed1c24,237,28,36,Red (Pigment)
Red,#fe2712,254,39,18,Red (Ryb)
Red,#c71585,199,21,133,Red-Violet
Red,#ab4e52,171,78,82,Redwood
Blue,#522d80,82,45,128,Regalia
Blue,#002387,0,35,135,Resolution Blue
Black,#004040,0,64,64,Rich Black
Pink,#f1a7fe,241,167,254,Rich Brilliant Lavender
Red,#d70040,215,0,64,Rich Carmine
Blue,#0892d0,8,146,208,Rich Electric Blue
Purple,#a76bcf,167,107,207,Rich Lavender
Purple,#b666d2,182,102,210,Rich Lilac
Red,#b03060,176,48,96,Rich Maroon
Green,#414833,65,72,51,Rifle Green
Blue,#0cc,0,204,204,Robin Egg Blue
Pink,#ff007f,255,0,127,Rose
Pink,#f9429e,249,66,158,Rose Bonbon
Red,#674846,103,72,70,Rose Ebony
Beige,#b76e79,183,110,121,Rose Gold
Pink,#e32636,227,38,54,Rose Madder
Pink,#f6c,255,102,204,Rose Pink
Purple,#aa98a9,170,152,169,Rose Quartz
Brown,#905d5d,144,93,93,Rose Taupe
Red,#ab4e52,171,78,82,Rose Vale
Red,#65000b,101,0,11,Rosewood
Red,#d40000,212,0,0,Rosso Corsa
Brown,#bc8f8f,188,143,143,Rosy Brown
Blue,#0038a8,0,56,168,Royal Azure
Blue,#002366,0,35,102,Royal Blue (Traditional)
Blue,#4169e1,65,105,225,Royal Blue (Web)
Red,#ca2c92,202,44,146,Royal Fuchsia
Purple,#7851a9,120,81,169,Royal Purple
Yellow,#fada5e,250,218,94,Royal Yellow
Red,#d10056,209,0,86,Rubine Red
Red,#e0115f,224,17,95,Ruby
Red,#9b111e,155,17,30,Ruby Red
Red,#ff0028,255,0,40,Ruddy
Brown,#bb6528,187,101,40,Ruddy Brown
Pink,#e18e96,225,142,150,Ruddy Pink
Red,#a81c07,168,28,7,Rufous
Brown,#80461b,128,70,27,Russet
Red,#b7410e,183,65,14,Rust
Red,#da2c43,218,44,67,Rusty Red
Green,#00563f,0,86,63,Sacramento State Green
Brown,#8b4513,139,69,19,Saddle Brown
Orange,#ff6700,255,103,0,Safety Orange (Blaze Orange)
Yellow,#f4c430,244,196,48,Saffron
Orange,#ff8c69,255,140,105,Salmon
Pink,#ff91a4,255,145,164,Salmon Pink
Brown,#c2b280,194,178,128,Sand
Beige,#967117,150,113,23,Sand Dune
Yellow,#ecd540,236,213,64,Sandstorm
Brown,#f4a460,244,164,96,Sandy Brown
Beige,#967117,150,113,23,Sandy Taupe
Red,#92000a,146,0,10,Sangria
Green,#507d2a,80,125,42,Sap Green
Blue,#0f52ba,15,82,186,Sapphire
Blue,#0067a5,0,103,165,Sapphire Blue
Brown,#cba135,203,161,53,Satin Sheen Gold
Red,#ff2400,255,36,0,Scarlet
Red,#fd0e35,253,14,53,Scarlet (Crayola)
Yellow,#ffd800,255,216,0,School Bus Yellow
Green,#76ff7a,118,255,122,Screamin' Green
Blue,#006994,0,105,148,Sea Blue
Green,#2e8b57,46,139,87,Sea Green
Brown,#321414,50,20,20,Seal Brown
White,#fff5ee,255,245,238,Seashell
Yellow,#ffba00,255,186,0,Selective Yellow
Brown,#704214,112,66,20,Sepia
Brown,#8a795d,138,121,93,Shadow
Green,#009e60,0,158,96,Shamrock Green
Pink,#fc0fc0,252,15,192,Shocking Pink
Pink,#ff6fff,255,111,255,Shocking Pink (Crayola)
Red,#882d17,136,45,23,Sienna
Gray,#c0c0c0,192,192,192,Silver
Orange,#cb410b,203,65,11,Sinopia
Green,#007474,0,116,116,Skobeloff
Blue,#87ceeb,135,206,235,Sky Blue
Pink,#cf71af,207,113,175,Sky Magenta
Blue,#6a5acd,106,90,205,Slate Blue
Gray,#708090,112,128,144,Slate Gray
Blue,#039,0,51,153,Smalt (Dark Powder Blue)
Red,#933d41,147,61,65,Smokey Topaz
Black,#100c08,16,12,8,Smoky Black
White,#fffafa,255,250,250,Snow
Blue,#0fc0fc,15,192,252,Spiro Disco Ball
Yellow,#a7fc00,167,252,0,Spring Bud
Green,#00ff7f,0,255,127,Spring Green
Blue,#23297a,35,41,122,St. Patrick'S Blue
Blue,#4682b4,70,130,180,Steel Blue
Yellow,#fada5e,250,218,94,Stil De Grain Yellow
Red,#900,153,0,0,Stizza
Blue,#4f666a,79,102,106,Stormcloud
Yellow,#e4d96f,228,217,111,Straw
Yellow,#fc3,255,204,51,Sunglow
Yellow,#fad6a5,250,214,165,Sunset
Pink,#d2b48c,210,180,140,Tan
Orange,#f94d00,249,77,0,Tangelo
Orange,#f28500,242,133,0,Tangerine
Yellow,#fc0,255,204,0,Tangerine Yellow
Pink,#e4717a,228,113,122,Tango Pink
Black,#483c32,72,60,50,Taupe
Gray,#8b8589,139,133,137,Taupe Gray
Green,#d0f0c0,208,240,192,Tea Green
Orange,#f88379,248,131,121,Tea Rose (Orange)
Pink,#f4c2c2,244,194,194,Tea Rose (Rose)
Green,#008080,0,128,128,Teal
Blue,#367588,54,117,136,Teal Blue
Green,#00827f,0,130,127,Teal Green
Pink,#cf3476,207,52,118,Telemagenta
Orange,#cd5700,205,87,0,Tenné (Tawny)
Red,#e2725b,226,114,91,Terra Cotta
Gray,#d8bfd8,216,191,216,Thistle
Pink,#de6fa1,222,111,161,Thulian Pink
Pink,#fc89ac,252,137,172,Tickle Me Pink
Blue,#0abab5,10,186,181,Tiffany Blue
Orange,#e08d3c,224,141,60,Tiger'S Eye
Beige,#dbd7d2,219,215,210,Timberwolf
Yellow,#eee600,238,230,0,Titanium Yellow
Orange,#ff6347,255,99,71,Tomato
Blue,#746cc0,116,108,192,Toolbox
Yellow,#ffc87c,255,200,124,Topaz
Red,#fd0e35,253,14,53,Tractor Red
Gray,#808080,128,128,128,Trolley Grey
Green,#00755e,0,117,94,Tropical Rain Forest
Blue,#0073cf,0,115,207,True Blue
Blue,#417dc1,65,125,193,Tufts Blue
Pink,#deaa88,222,170,136,Tumbleweed
Beige,#b57281,181,114,129,Turkish Rose
Blue,#30d5c8,48,213,200,Turquoise
Blue,#00ffef,0,255,239,Turquoise Blue
Green,#a0d6b4,160,214,180,Turquoise Green
Red,#7c4848,124,72,72,Tuscan Red
Red,#8a496b,138,73,107,Twilight Lavender
Purple,#66023c,102,2,60,Tyrian Purple
Blue,#03a,0,51,170,Ua Blue
Red,#d9004c,217,0,76,Ua Red
Purple,#8878c3,136,120,195,Ube
Blue,#536895,83,104,149,Ucla Blue
Yellow,#ffb300,255,179,0,Ucla Gold
Green,#3cd070,60,208,112,Ufo Green
Pink,#ff6fff,255,111,255,Ultra Pink
Blue,#120a8f,18,10,143,Ultramarine
Blue,#4166f5,65,102,245,Ultramarine Blue
Brown,#635147,99,81,71,Umber
Pink,#ffddca,255,221,202,Unbleached Silk
Blue,#5b92e5,91,146,229,United Nations Blue
Brown,#b78727,183,135,39,University Of California Gold
Yellow,#ff6,255,255,102,Unmellow Yellow
Green,#014421,1,68,33,Up Forest Green
Red,#7b1113,123,17,19,Up Maroon
Red,#ae2029,174,32,41,Upsdell Red
Yellow,#e1ad21,225,173,33,Urobilin
Blue,#004f98,0,79,152,Usafa Blue
Red,#900,153,0,0,Usc Cardinal
Yellow,#fc0,255,204,0,Usc Gold
Red,#d3003f,211,0,63,Utah Crimson
Beige,#f3e5ab,243,229,171,Vanilla
Yellow,#c5b358,197,179,88,Vegas Gold
Red,#c80815,200,8,21,Venetian Red
Green,#43b3ae,67,179,174,Verdigris
Red,#e34234,227,66,52,Vermilion (Cinnabar)
Orange,#d9603b,217,96,59,Vermilion (Plochere)
Purple,#a020f0,160,32,240,Veronica
Purple,#8f00ff,143,0,255,Violet
Blue,#324ab2,50,74,178,Violet-Blue
Purple,#7f00ff,127,0,255,Violet (Color Wheel)
Purple,#8601af,134,1,175,Violet (Ryb)
Pink,#ee82ee,238,130,238,Violet (Web)
Green,#40826d,64,130,109,Viridian
Red,#922724,146,39,36,Vivid Auburn
Red,#9f1d35,159,29,53,Vivid Burgundy
Red,#da1d81,218,29,129,Vivid Cerise
Pink,#ffa089,255,160,137,Vivid Tangerine
Purple,#9f00ff,159,0,255,Vivid Violet
Black,#004242,0,66,66,Warm Black
Blue,#a4f4f9,164,244,249,Waterspout
Brown,#645452,100,84,82,Wenge
Yellow,#f5deb3,245,222,179,Wheat
White,#fff,255,255,255,White
White,#f5f5f5,245,245,245,White Smoke
Blue,#a2add0,162,173,208,Wild Blue Yonder
Pink,#ff43a4,255,67,164,Wild Strawberry
Pink,#fc6c85,252,108,133,Wild Watermelon
Red,#722f37,114,47,55,Wine
Red,#673147,103,49,71,Wine Dregs
Purple,#c9a0dc,201,160,220,Wisteria
Brown,#c19a6b,193,154,107,Wood Brown
Green,#738678,115,134,120,Xanadu
Blue,#0f4d92,15,77,146,Yale Blue
Yellow,#ff0,255,255,0,Yellow
Green,#9acd32,154,205,50,Yellow-Green
Yellow,#efcc00,239,204,0,Yellow (Munsell)
Yellow,#ffd300,255,211,0,Yellow (Ncs)
Orange,#ffae42,255,174,66,Yellow Orange
Yellow,#ffef00,255,239,0,Yellow (Process)
Yellow,#fefe33,254,254,51,Yellow (Ryb)
Blue,#0014a8,0,20,168,Zaffre
Brown,#2c1608,44,22,8,Zinnwaldite Brown
